

CREATE TABLE products (id INTEGER PRIMARY KEY, name TEXT, price REAL, weight REAL, quantity INTEGER, productNumber INTEGER);

INSERT INTO products VALUES (10001, "Chicken Soup", 4.0, 0, 10, 10);
INSERT INTO products VALUES (10002, "Coffee Beans", 5.0, 20, 0, 12);
INSERT INTO products VALUES (10003, "Oranges", 3.50, 0, 30, 24);
INSERT INTO products VALUES (10004, "Milk-gal", 4.25, 0, 15, 32);
INSERT INTO products VALUES (10005, "Wheat Bread-loaf", 7.0, 0, 10, 42);

CREATE TABLE orders (orderNumber INTEGER PRIMARY KEY, date INTEGER, total REAL);

INSERT INTO orders VALUES (50001, 01012017, 30.25);
INSERT INTO orders VALUES (50002, 01022017, 100.0);
INSERT INTO orders VALUES (50003, 01032017, 29.50);
INSERT INTO orders VALUES (50004, 02162017, 25.);
INSERT INTO orders VALUES (50005, 02202017, 25.);

CREATE TABLE OrderItems (orderNumber INTEGER, date INTEGER, time INTEGER, itemNumber INTEGER, quantity REAL, weight REAL, subtotal REAL, total REAL, primary key (orderNumber, itemNumber) );

INSERT INTO OrderItems VALUES (50001, 01012017, 1330, 10001, 3, 0, 12.00, 30.25);
INSERT INTO OrderItems VALUES (50001, 01012017, 1330, 10004, 1, 0, 4.25, 30.25);
INSERT INTO OrderItems VALUES (50001, 01012017, 1330, 10005, 2, 0, 14.00, 30.25);
INSERT INTO OrderItems VALUES (50002, 01022017, 1200, 10002, 0, 20, 100.00, 100.00);
INSERT INTO OrderItems VALUES (50003, 01032017, 1400, 10003, 4, 0, 14.00, 29.50);
INSERT INTO OrderItems VALUES (50003, 01032017, 1400, 10005, 1, 0, 7.00, 29.50);
INSERT INTO OrderItems VALUES (50003, 01032017, 1400, 10004, 2, 0, 8.50, 29.50);
INSERT INTO OrderItems VALUES (50004, 02162017, 1630, 10001, 2, 0, 8.00, 25.00);
INSERT INTO OrderItems VALUES (50004, 02162017, 1630, 10002, 0, 5, 10.00, 25.00);
INSERT INTO OrderItems VALUES (50004, 02162017, 1630, 10003, 2, 0, 7.00, 25.00);
INSERT INTO OrderItems VALUES (50005, 02202017, 1245, 10004, 4, 0, 17.00, 25.00);
INSERT INTO OrderItems VALUES (50005, 02202017, 1245, 10001, 2, 0, 8.00, 25.00);
