

CREATE TABLE Products (id INTEGER PRIMARY KEY, name TEXT, price REAL, weight REAL, quantity INTEGER, producer INTEGER);

INSERT INTO Products VALUES (10001, "Chicken Soup", 4.0, 0, 10, 10);
INSERT INTO Products VALUES (10002, "Coffee Beans", 5.0, 20, 0, 12);
INSERT INTO Products VALUES (10003, "Oranges", 3.50, 0, 30, 24);
INSERT INTO Products VALUES (10004, "Milk-gal", 4.25, 0, 15, 32);
INSERT INTO Products VALUES (10005, "Wheat Bread-loaf", 7.0, 0, 10, 42);

CREATE TABLE Orders (orderNumber INTEGER PRIMARY KEY, dateAndTime TEXT, total REAL);

INSERT INTO Orders VALUES (50001, 01012017, 30.25);
INSERT INTO Orders VALUES (50002, 01022017, 100.0);
INSERT INTO Orders VALUES (50003, 01032017, 29.50);
INSERT INTO Orders VALUES (50004, 02162017, 25.);
INSERT INTO Orders VALUES (50005, 02202017, 25.);

CREATE TABLE OrderItem (orderNumber INTEGER, dateAndTime TEXT, itemNumber INTEGER, quantity INTEGER, weight REAL, subtotal REAL, total REAL, PRIMARY KEY (orderNumber, itemNumber));

INSERT INTO OrderItem VALUES (50001, 01012017, 10001, 3, 0, 12.00, 30.25);
INSERT INTO OrderItem VALUES (50001, 01012017, 10004, 1, 0, 4.25, 30.25);
INSERT INTO OrderItem VALUES (50001, 01012017, 10005, 2, 0, 14.00, 30.25);
INSERT INTO OrderItem VALUES (50002, 01022017, 10002, 0, 20, 100.00, 100.00);
INSERT INTO OrderItem VALUES (50003, 01032017, 10003, 4, 0, 14.00, 29.50);
INSERT INTO OrderItem VALUES (50003, 01032017, 10005, 1, 0, 7.00, 29.50);
INSERT INTO OrderItem VALUES (50003, 01032017, 10004, 2, 0, 8.50, 29.50);
INSERT INTO OrderItem VALUES (50004, 02162017, 10001, 2, 0, 8.00, 25.00);
INSERT INTO OrderItem VALUES (50004, 02162017, 10002, 0, 5, 10.00, 25.00);
INSERT INTO OrderItem VALUES (50004, 02162017, 10003, 2, 0, 7.00, 25.00);
INSERT INTO OrderItem VALUES (50005, 02202017, 10004, 4, 0, 17.00, 25.00);
INSERT INTO OrderItem VALUES (50005, 02202017, 10001, 2, 0, 8.00, 25.00);

CREATE TABLE User (userID INTEGER PRIMARY KEY NOT NULL, username CHAR(30) NOT NULL, password CHAR(30) NOT NULL, displayName CHAR(30), role INT, isManager BOOL DEFAULT FALSE);

INSERT INTO User VALUES (505, Charlie Johnson, password123, Charlie, 0, TRUE);
INSERT INTO User VALUES (506, Jane Smith, password132, Jane, 1, FALSE);
INSERT INTO User VALUES (507, Kayla Thompson, password155, Kayla, 1, FALSE);
INSERT INTO User VALUES (508, Brook Jones, password555, Brook, 0, TRUE);
INSERT INTO User VALUES (509, John Tyler, password606, John, 1, FALSE);